hospital_name,node_name,latitude,longitude
Rumah Sakit Bhayangkara,Klinik Unesa,-7.3112852394190355,112.72943040972358  
Rumah Sakit Bhayangkara,1,-7.3100815796328025,112.72987080180941  
Rumah Sakit Bhayangkara,2,-7.309728893743635,112.73045472910741  
Rumah Sakit Bhayangkara,3,-7.309992078082717,112.73254098592012
Rumah Sakit Bhayangkara,4,-7.310176841296851,112.7329503428604
Rumah Sakit Bhayangkara,5,-7.311890140496419,112.73163606042003
Rumah Sakit Bhayangkara,6,-7.312464785984653,112.73154486530947
Rumah Sakit Bhayangkara,7,-7.312640371951262,112.73136247509326
Rumah Sakit Bhayangkara,8,-7.312718009302651,112.73127122032389
Rumah Sakit Bhayangkara,9,-7.318619954576199,112.72998173340459
Rumah Sakit Bhayangkara,10,-7.31858217085345,112.72944079759257
Rumah Sakit Bhayangkara,11,-7.322091216393606,112.72737761495753
Rumah Sakit Bhayangkara,12,-7.3230472164578675,112.7268692047516
Rumah Sakit Bhayangkara,13,-7.323316938242141,112.7267568785894
Rumah Sakit Bhayangkara,14,-7.325147015167237,112.72638952197019
Rumah Sakit Bhayangkara,15,-7.325348980503157,112.72648792215433
Rumah Sakit Bhayangkara,16,-7.32922102506024,112.7258451072187
Rumah Sakit Bhayangkara,17,-7.329252125717603,112.72760108947254
Rumah Sakit Bhayangkara,18,-7.329780835980908,112.73073677208546
Rumah Sakit Bhayangkara,19,-7.328661213504262,112.73103466193368
Rumah Sakit Bhayangkara,20,-7.328101401210715,112.73092491304223
Rumah Sakit Bhayangkara,21,-7.327075076845688,112.73065838002013
Rumah Sakit Bhayangkara,Rumah Sakit Bhayangkara,-7.325414279564775,112.73175812187613
Rumah Sakit Ramelan,Klinik Unesa,-7.3112852394190355,112.72943040972358
Rumah Sakit Ramelan,1,-7.3100815796328025,112.72987080180941
Rumah Sakit Ramelan,2,-7.309728893743635,112.73045472910741
Rumah Sakit Ramelan,3,-7.309992078082717,112.73254098592012
Rumah Sakit Ramelan,4,-7.309356603697332,112.73273508879385
Rumah Sakit Ramelan,5,-7.3093974543801075,112.73292399715804
Rumah Sakit Ramelan,6,-7.3093712963739925,112.7327345527389
Rumah Sakit Ramelan,7,-7.309409695058008,112.73294102358494
Rumah Sakit Ramelan,8,-7.303319178349219,112.7376910064642
Rumah Sakit Ramelan,9,-7.302910793866012,112.7368831924013
Rumah Sakit Ramelan,10,-7.307148809999581,112.73596076790388
Rumah Sakit Ramelan,11,-7.307195784446288,112.73620808750326
Rumah Sakit Ramelan,12,-7.3073575852804415,112.73619756326498
Rumah Sakit Ramelan,13,-7.307900400554115,112.73852868204197
Rumah Sakit Ramelan,Rumah Sakit Ramelan,-7.308010007404354,112.73846553661235
Rumah Sakit Islam,Klinik Unesa,-7.3112852394190355,112.72943040972358  
Rumah Sakit Islam,1,-7.3100815796328025,112.72987080180941  
Rumah Sakit Islam,2,-7.309728893743635,112.73045472910741  
Rumah Sakit Islam,3,-7.309992078082717,112.73254098592012  
Rumah Sakit Islam,4,-7.309356603697332,112.73273508879385
Rumah Sakit Islam,5,-7.3093974543801075,112.73292399715804
Rumah Sakit Islam,Rumah Sakit Islam,-7.3063608953889645,112.73535386779957
RSU Bakti Rahayu,Klinik Unesa,-7.311275826698049, 112.72942864333882
RSU Bakti Rahayu,1,-7.310068938764701, 112.72987110858848
RSU Bakti Rahayu,2,-7.309370598352847, 112.72795476394089
RSU Bakti Rahayu,3,-7.308317251813511, 112.72618480512577
RSU Bakti Rahayu,4,-7.308168027519595, 112.72553877015825
RSU Bakti Rahayu,5,-7.3097743805324145, 112.72496353351498
RSU Bakti Rahayu,6,-7.310274718816152, 112.72457414257565
RSU Bakti Rahayu,7,-7.31152995102593, 112.72416705203763
RSU Bakti Rahayu,8,-7.311250951233523, 112.72327840027405
RSU Bakti Rahayu,RSU Bakti Rahayu,-7.311822477414381, 112.72313939837164
RS Cempaka Putih,Klinik Unesa,-7.3112852394190355,112.72943040972358
RS Cempaka Putih,1,-7.3128606189599505,112.72881508510271
RS Cempaka Putih,2,-7.314369852332741,112.72796682998685
RS Cempaka Putih,3,-7.313931379352288,112.72668572874913
RS Cempaka Putih,4,-7.315052687171591,112.71927188886959
RS Cempaka Putih,5,-7.315671804196595,112.71908611309408
RS Cempaka Putih,6,-7.314793869419086,112.71726164237592
RS Cempaka Putih,7,-7.3158748636951305,112.71712315119929
RS Cempaka Putih,8,-7.316878215155274,112.7174723898186
RS Cempaka Putih,9,-7.317082246320721,112.71637677301464
RS Cempaka Putih,RS Cempaka Putih,-7.321641634176602,112.71424780790743
RS Wiyung Sejahtera,Klinik Unesa,-7.311266373862126,112.7294237023539
RS Wiyung Sejahtera,1,-7.3100683383955145,112.72985729111379
RS Wiyung Sejahtera,2,-7.309126291156291,112.72756546481156
RS Wiyung Sejahtera,3,-7.308323643787206,112.72612869252686
RS Wiyung Sejahtera,4,-7.307627683706407,112.72404041917298
RS Wiyung Sejahtera,5,-7.3082573619228555,112.72321346288341
RS Wiyung Sejahtera,6,-7.308812472244777,112.72189367412376
RS Wiyung Sejahtera,7,-7.3090030323524795,112.72035670489066
RS Wiyung Sejahtera,8,-7.30903617323126,112.71902856303761
RS Wiyung Sejahtera,9,-7.308547345019862,112.71892832591662
RS Wiyung Sejahtera,10,-7.3076193984691935,112.71887820735613
RS Wiyung Sejahtera,11,-7.307428837778291,112.71865267383392
RS Wiyung Sejahtera,12,-7.307586257463548,112.71609662720434
RS Wiyung Sejahtera,13,-7.307271417994044,112.71476013225785
RS Wiyung Sejahtera,14,-7.307271417994044,112.71475177916444
RS Wiyung Sejahtera,15,-7.307379126258577,112.71359905227311
RS Wiyung Sejahtera,16,-7.309939261248501,112.71098453396425
RS Wiyung Sejahtera,17,-7.312855643054489,112.70971486376509
RS Wiyung Sejahtera,18,-7.312739650983382,112.7076934150742
RS Wiyung Sejahtera,19,-7.313419032822356,112.7029989765747
RS Wiyung Sejahtera,20,-7.313651016628156,112.70266485283807
RS Wiyung Sejahtera,21,-7.313883000320359,112.69269125916829
RS Wiyung Sejahtera,22,-7.311563158002311,112.68706127415238
RS Wiyung Sejahtera,23,-7.311397454521332,112.68709468652605
RS Wiyung Sejahtera,24,-7.311570947598117,112.68784838096056
RS Wiyung Sejahtera,RS Wiyung Sejahtera,-7.311455266046776,112.68789748827949
RSUD Soetomo,Klinik Unesa,-7.311242381859154,112.72944921597775
RSUD Soetomo,1,-7.310062513044074,112.72988177554862
RSUD Soetomo,2,-7.309633469065803,112.7308279996099
RSUD Soetomo,3,-7.3100088825693295,112.73258527286654
RSUD Soetomo,4,-7.309378724008706,112.73273396521903
RSUD Soetomo,5,-7.309405539284717,112.73293672751787
RSUD Soetomo,6,-7.308212257944327,112.73388295157915
RSUD Soetomo,7,-7.308104996544115,112.73401812644504
RSUD Soetomo,8,-7.300824568696477,112.73970898838594
RSUD Soetomo,9,-7.299644672378415,112.73999285560431
RSUD Soetomo,10,-7.299577632721442,112.7401415479568
RSUD Soetomo,11,-7.297982085850717,112.74170957642286
RSUD Soetomo,12,-7.294482589281573,112.742466555674
RSUD Soetomo,13,-7.293490389886299,112.74250710813376
RSUD Soetomo,14,-7.291224412685745,112.74302077262745
RSUD Soetomo,15,-7.287483514037495,112.74591351480206
RSUD Soetomo,16,-7.285727023948283,112.74713008861538
RSUD Soetomo,17,-7.284413003997015,112.74742747332036
RSUD Soetomo,18,-7.283675542132614,112.74742747332036
RSUD Soetomo,19,-7.283031938012003,112.74730581594434
RSUD Soetomo,20,-7.283957118586895,112.75094201989027
RSUD Soetomo,21,-7.284332553633642,112.7509014674305
RSUD Soetomo,22,-7.284319145234263,112.75574072768292
RSUD Soetomo,23,-7.277011513372446,112.75582183260872
RSUD Soetomo,24,-7.2740347925678694,112.7562543921796
RSUD Soetomo,RSUD Soetomo,-7.268295833553887,112.75645715448852        
RS RSIA Pura Raharja,Klinik Unesa,-7.311284250219584,112.72943303367585
RS RSIA Pura Raharja,1,-7.310066614791917, 112.7298820225042
RS RSIA Pura Raharja,2,-7.309694558847327, 112.73052993044892
RS RSIA Pura Raharja,3,-7.3096776472067075, 112.73095050226283
RS RSIA Pura Raharja,4,-7.309987693849736, 112.7325759554896
RS RSIA Pura Raharja,5,-7.309378874783449, 112.73273509077053
RS RSIA Pura Raharja,6,-7.309412698063339, 112.73293969329717
RS RSIA Pura Raharja,7,-7.308217606462494, 112.73388313817703
RS RSIA Pura Raharja,8,-7.308189420301248, 112.73397975602619
RS RSIA Pura Raharja,9,-7.300835797308926, 112.73971591720999
RS RSIA Pura Raharja,10,-7.299609521060437, 112.7400506761945
RS RSIA Pura Raharja,11,-7.299547510309242, 112.74019844466966
RS RSIA Pura Raharja,12,-7.298160722151981, 112.74163634562301
RS RSIA Pura Raharja,13,-7.297258743809417, 112.7419659829923
RS RSIA Pura Raharja,14,-7.294829030590831, 112.74244907224416
RS RSIA Pura Raharja,15,-7.292820963183758, 112.74259794718526
RS RSIA Pura Raharja,16,-7.291161104039585, 112.7430790694192
RS RSIA Pura Raharja,17,-7.290997618030427, 112.74320410428493
RS RSIA Pura Raharja,18,-7.285885637268321, 112.74706239809326
RS RSIA Pura Raharja,19,-7.2842563929247985, 112.74744886948984
RS RSIA Pura Raharja,21,-7.283889953052855, 112.74745455289482
RS RSIA Pura Raharja,22,-7.283078146768758, 112.74730678441966
RS RSIA Pura Raharja,23,-7.283938957836972, 112.75095575314694
RS RSIA Pura Raharja,24,-7.284339222850486, 112.75092733613248
RS RSIA Pura Raharja,25,-7.284322310251515, 112.7520242328904
RS RSIA Pura Raharja,26,-7.283048225960888, 112.75204696650198
RS RSIA Pura Raharja,RS RSIA Pura Raharja,-7.283036950862507, 112.7527062412373
RS PHC Surabaya,Klinik Unesa,-7.311295117290139,112.72941255502836
RS PHC Surabaya,1,-7.3100588289673585,112.72988222083734
RS PHC Surabaya,2,-7.309665211483594,112.73076788231837
RS PHC Surabaya,3,-7.310005743957182,112.73258105581368
RS PHC Surabaya,4,-7.309367245356226,112.73272053069796
RS PHC Surabaya,5,-7.309420453607833,112.7329243786057
RS PHC Surabaya,6,-7.305285707379188,112.73620127444912
RS PHC Surabaya,7,-7.298830778482777,112.73751052328703
RS PHC Surabaya,8,-7.298107128575589,112.73805769398679
RS PHC Surabaya,9,-7.29746861297953,112.73891600096684
RS PHC Surabaya,10,-7.296840738421508,112.73915203538634
RS PHC Surabaya,11,-7.296220382691012,112.73914275020445
RS PHC Surabaya,12,-7.289799606603198,112.73883238626793
RS PHC Surabaya,13,-7.27344556929658,112.74212080765956
RS PHC Surabaya,14,-7.271666516786413,112.74158441837604
RS PHC Surabaya,15,-7.265417920064104,112.74095784164874
RS PHC Surabaya,16,-7.263896012122638,112.74116168955649
RS PHC Surabaya,17,-7.262980736333874,112.74089346862523
RS PHC Surabaya,18,-7.262757238474483,112.74119387606825
RS PHC Surabaya,19,-7.263055235595656,112.74189125048953
RS PHC Surabaya,20,-7.262821095017077,112.74210582723454
RS PHC Surabaya,21,-7.2614301329742705,112.74179740348994
RS PHC Surabaya,22,-7.260121067988939,112.74207635325844
RS PHC Surabaya,23,-7.259227070199552,112.74270935465623
RS PHC Surabaya,24,-7.257609355397487,112.7435783904735
RS PHC Surabaya,25,-7.256973686909238,112.74335833700378
RS PHC Surabaya,26,-7.255983896612385,112.74269314909426
RS PHC Surabaya,27,-7.255345321071928,112.74285408165301
RS PHC Surabaya,28,-7.254163953933517,112.74413081328582
RS PHC Surabaya,29,-7.253653091507928,112.74427028817006
RS PHC Surabaya,30,-7.252438237369252,112.74420875009729
RS PHC Surabaya,31,-7.246655544330572,112.74736557601817
RS PHC Surabaya,32,-7.244856937354003,112.74712954160022
RS PHC Surabaya,33,-7.24309016583187,112.74710808392572
RS PHC Surabaya,34,-7.241781047527081,112.7456382332224
RS PHC Surabaya,35,-7.236048722599714,112.7431413131899
RS PHC Surabaya,36,-7.234140008941816,112.74265803060267
RS PHC Surabaya,37,-7.233960654402273,112.74158506192967
RS PHC Surabaya,38,-7.2335136298319425,112.74107007780546
RS PHC Surabaya,39,-7.225376122487061,112.74093530731733
RS PHC Surabaya,40,-7.225259042440929,112.74074218827076
RS PHC Surabaya,41,-7.225078100491825,112.74078510361446
RS PHC Surabaya,42,-7.224982307665908,112.74087093430182
RS PHC Surabaya,43,-7.2223533188529485,112.7405490692242
RS PHC Surabaya,44,-7.222421781153048,112.73852941229129
RS PHC Surabaya,45,-7.222581436755981,112.73810025885446
RS PHC Surabaya,46,-7.2224643559860064,112.73752090171475
RS PHC Surabaya,47,-7.22253886193404,112.73634072976348
RS PHC Surabaya,48,-7.22260272416545,112.73619052606061
RS PHC Surabaya,49,-7.2224643559860064,112.73606178002954
RS PHC Surabaya,50,-7.2223366314750965,112.73623344140428
RS PHC Surabaya,51,-7.218253936511537,112.73655347405605
RS PHC Surabaya,52,-7.217053538251386,112.73679727723622
RS PHC Surabaya,RS PHC Surabaya,-7.210386048952536,112.73652611810142
Mitra Keluarga Kenjeran,Klinik Unesa,-7.311267018065373,112.7294231069041
Mitra Keluarga Kenjeran,1,-7.310075719211013,112.72986907107205
Mitra Keluarga Kenjeran,2,-7.3096967940930035,112.73052876826027
Mitra Keluarga Kenjeran,3,-7.309673333506102,112.7309466346527
Mitra Keluarga Kenjeran,4,-7.309993961420449,112.73257867886457
Mitra Keluarga Kenjeran,5,-7.309383986166328,112.73272848002411
Mitra Keluarga Kenjeran,6,-7.309407446734336,112.73290193403477
Mitra Keluarga Kenjeran,7,-7.308207115028336,112.73388869904889
Mitra Keluarga Kenjeran,8,-7.308189013663796,112.7339689973768
Mitra Keluarga Kenjeran,9,-7.302622943666493,112.73820970537574
Mitra Keluarga Kenjeran,10,-7.301204695719143,112.73943758161708
Mitra Keluarga Kenjeran,12,-7.300752154287321,112.73973687539366
Mitra Keluarga Kenjeran,13,-7.300707740210759,112.74025197879914
Mitra Keluarga Kenjeran,14,-7.30077796460067,112.74039800043154
Mitra Keluarga Kenjeran,15,-7.300918413347389,112.74116350777722
Mitra Keluarga Kenjeran,16,-7.30216727193213,112.74590210778939
Mitra Keluarga Kenjeran,17,-7.302219940053686,112.74597733105458
Mitra Keluarga Kenjeran,18,-7.306448775191469,112.76168372924461
Mitra Keluarga Kenjeran,19,-7.310804952170493,112.77770794004883
Mitra Keluarga Kenjeran,20,-7.31129519409154,112.78045888885106
Mitra Keluarga Kenjeran,21,-7.311320242726136,112.78046461290629
Mitra Keluarga Kenjeran,22,-7.306950749440058,112.78044710736698
Mitra Keluarga Kenjeran,23,-7.304745435307355,112.78114880753753
Mitra Keluarga Kenjeran,24,-7.298528267695987,112.78185050772238
Mitra Keluarga Kenjeran,25,-7.295712918054763,112.78176378073151
Mitra Keluarga Kenjeran,26,-7.291787039910831,112.78054960290454
Mitra Keluarga Kenjeran,27,-7.2906217825749495,112.78043922310107
Mitra Keluarga Kenjeran,28,-7.2896989592068016,112.78046287591573
Mitra Keluarga Kenjeran,29,-7.285087101133032,112.78086705255814
Mitra Keluarga Kenjeran,30,-7.282107432839692,112.78074878848537
Mitra Keluarga Kenjeran,31,-7.280480728913435,112.78079609411392
Mitra Keluarga Kenjeran,32,-7.277210009444204,112.7808020955606
Mitra Keluarga Kenjeran,33,-7.274590046178181,112.78158263844817
Mitra Keluarga Kenjeran,34,-7.26999008958623,112.78202174551201
Mitra Keluarga Kenjeran,35,-7.269513015119938,112.78219519948621
Mitra Keluarga Kenjeran,36,-7.2633570621987475,112.78297910384357
Mitra Keluarga Kenjeran,37,-7.260040944119731,112.78242720482736
Mitra Keluarga Kenjeran,38,-7.255786636118834,112.78216247075224
Mitra Keluarga Kenjeran,39,-7.254073804093209,112.78259610569094
Mitra Keluarga Kenjeran,40,-7.249651155768328,112.78427760708301
Mitra Keluarga Kenjeran,41,-7.250603726762265,112.78759029722261
Mitra Keluarga Kenjeran,42,-7.250854005920602,112.78752722305018
Mitra Keluarga Kenjeran,Mitra Keluarga Kenjeran,-7.250290877618731,112.78574537767874
Rumah Sakit Royal,Klinik Unesa,-7.3112852394190355,112.72943040972358  
Rumah Sakit Royal,1,-7.3100815796328025,112.72987080180941  
Rumah Sakit Royal,2,-7.309728893743635,112.73045472910741  
Rumah Sakit Royal,3,-7.309992078082717,112.73254098592012
Rumah Sakit Royal,4,-7.310176841296851,112.7329503428604
Rumah Sakit Royal,5,-7.311890140496419,112.73163606042003
Rumah Sakit Royal,6,-7.312464785984653,112.73154486530947
Rumah Sakit Royal,7,-7.312640371951262,112.73136247509326
Rumah Sakit Royal,8,-7.313246941129477,112.73407150621989
Rumah Sakit Royal,9,-7.313236299571026,112.734328998273
Rumah Sakit Royal,10,-7.311661346292528,112.73462404126981
Rumah Sakit Royal,11,-7.31160281751633,112.73490299101225
Rumah Sakit Royal,12,-7.308449907799047,112.73550568636956
Rumah Sakit Royal,13,-7.308194507590025,112.73544667775955
Rumah Sakit Royal,14,-7.307997636511555,112.73550568635893
Rumah Sakit Royal,15,-7.307896540518619,112.73562370355764
Rumah Sakit Royal,16,-7.308045524079163,112.73571489866575
Rumah Sakit Royal,17,-7.327156856413154,112.73166939700873
Rumah Sakit Royal,18,-7.327412245752133,112.73266717876852
Rumah Sakit Royal,19,-7.32738032209416,112.73452326741918
Rumah Sakit Royal,20,-7.3290139560327585,112.74252959501199
Rumah Sakit Royal,21,-7.329360446456995,112.74735324174105
Rumah Sakit Royal,22,-7.329099737650134,112.74854414254067
Rumah Sakit Royal,Rumah Sakit Royal,-7.32940507889384,112.75053862750471
RSGM Nala Husada,Klinik Unesa,-7.3112852394190355,112.72943040972358  
RSGM Nala Husada,1,-7.3100815796328025,112.72987080180941  
RSGM Nala Husada,2,-7.309728893743635,112.73045472910741  
RSGM Nala Husada,3,-7.309992078082717,112.73254098592012  
RSGM Nala Husada,4,-7.309356603697332,112.73273508879385
RSGM Nala Husada,5,-7.3093974543801075,112.73292399715804
RSGM Nala Husada,6,-7.300666554308816,112.73972527871601
RSGM Nala Husada,7,-7.2995993780651895,112.73998014407385
RSGM Nala Husada,8,-7.297768970583965,112.7418684192535
RSGM Nala Husada,9,-7.294384825404535,112.74246923408339
RSGM Nala Husada,10,-7.291852020761846,112.74272672615335
RSGM Nala Husada,11,-7.288914800734231,112.74478666267797
RSGM Nala Husada,12,-7.291596611030436,112.74802677122486
RSGM Nala Husada,13,-7.293299339390561,112.75248996710404
RSGM Nala Husada,14,-7.293677421963671,112.75441489259433
RSGM Nala Husada,15,-7.2935497176691415,112.76222548515136
RSGM Nala Husada,16,-7.288037114149513,112.76299796143397
RSGM Nala Husada,17,-7.287611427664849,112.76271901169979
RSGM Nala Husada,18,-7.287100603349379,112.76325545349628
RSGM Nala Husada,19,-7.287462437299661,112.76359877624606
RSGM Nala Husada,20,-7.287951976884935,112.76370606460534
RSGM Nala Husada,21,-7.288420231648528,112.76606640856849
RSGM Nala Husada,22,-7.289973982555959,112.76995024717515
RSGM Nala Husada,23,-7.289378023940938,112.77413449324668
RSGM Nala Husada,24,-7.289579739242312,112.77476822373326
RSGM Nala Husada,25,-7.289638270891174,112.78286849502628
RSGM Nala Husada,26,-7.29008523966707,112.78733169077314
RSGM Nala Husada,27,-7.2907024815293955,112.79194509028682
RSGM Nala Husada,RSGM Nala Husada,-7.2903671117262245,112.79513201604249
Rumah Sakit Manyar,Klinik Unesa,-7.3112852394190355,112.72943040972358  
Rumah Sakit Manyar,1,-7.3100815796328025,112.72987080180941  
Rumah Sakit Manyar,2,-7.309728893743635,112.73045472910741  
Rumah Sakit Manyar,3,-7.309992078082717,112.73254098592012  
Rumah Sakit Manyar,4,-7.309356603697332,112.73273508879385
Rumah Sakit Manyar,5,-7.3093974543801075,112.73292399715804
Rumah Sakit Manyar,6,-7.300666554308816,112.73972527871601
Rumah Sakit Manyar,7,-7.2995993780651895,112.73998014407385
Rumah Sakit Manyar,8,-7.297768970583965,112.7418684192535
Rumah Sakit Manyar,9,-7.294384825404535,112.74246923408339
Rumah Sakit Manyar,10,-7.291852020761846,112.74272672615335
Rumah Sakit Manyar,11,-7.288914800734231,112.74478666267797
Rumah Sakit Manyar,12,-7.291596611030436,112.74802677122486
Rumah Sakit Manyar,13,-7.293299339390561,112.75248996710404
Rumah Sakit Manyar,14,-7.293677421963671,112.75441489259433
Rumah Sakit Manyar,15,-7.2935497176691415,112.76222548515136
Rumah Sakit Manyar,16,-7.288037114149513,112.76299796143397
Rumah Sakit Manyar,17,-7.287996930784818,112.76329531041236
Rumah Sakit Manyar,Rumah Sakit Manyar,-7.289728722104188,112.7630292685403
Rumah Sakit UBAYA,Klinik Unesa,-7.3112852394190355,112.72943040972358  
Rumah Sakit UBAYA,1,-7.3100815796328025,112.72987080180941  
Rumah Sakit UBAYA,2,-7.309728893743635,112.73045472910741  
Rumah Sakit UBAYA,3,-7.309992078082717,112.73254098592012  
Rumah Sakit UBAYA,4,-7.309356603697332,112.73273508879385
Rumah Sakit UBAYA,5,-7.3093974543801075,112.73292399715804
Rumah Sakit UBAYA,6,-7.300666554308816,112.73972527871601
Rumah Sakit UBAYA,7,-7.30861464439826,112.76974983957238
Rumah Sakit UBAYA,8,-7.309953126368001,112.7696572304064
Rumah Sakit UBAYA,9,-7.310569876513964,112.76829455267809
Rumah Sakit UBAYA,10,-7.311265359699393,112.7681357941078
Rumah Sakit UBAYA,11,-7.311107891903208,112.76722293232866
Rumah Sakit UBAYA,Rumah Sakit UBAYA,-7.314034159376157,112.7657279557918     
Premier Hospital Suarabaya,Klinik Unesa,-7.3112852394190355,112.72943040972358  
Premier Hospital Suarabaya,1,-7.3100815796328025,112.72987080180941  
Premier Hospital Suarabaya,2,-7.309728893743635,112.73045472910741  
Premier Hospital Suarabaya,3,-7.309992078082717,112.73254098592012  
Premier Hospital Suarabaya,4,-7.309356603697332,112.73273508879385
Premier Hospital Suarabaya,5,-7.3093974543801075,112.73292399715804
Premier Hospital Suarabaya,6,-7.300666554308816,112.73972527871601
Premier Hospital Suarabaya,7,-7.308190240749297,112.76818163313726
Premier Hospital Suarabaya,8,-7.307338905724228,112.76822454848225
Premier Hospital Suarabaya,9,-7.306445002202107,112.76470549019288
Premier Hospital Suarabaya,10,-7.305806498591497,112.76461965950291
Premier Hospital Suarabaya,Premier Hospital Suarabaya,-7.3052956950461825,112.76513464364281
RSI Darus Syifa,Klinik Unesa,-7.3112852394190355,112.72943040972358
RSI Darus Syifa,1,-7.310074145443754,112.7298720296243
RSI Darus Syifa,2,-7.307608964349635,112.72403254191602
RSI Darus Syifa,3,-7.308999365009108,112.71893063063882
RSI Darus Syifa,4,-7.307417292501601,112.71873996036662
RSI Darus Syifa,5,-7.307254252950657,112.71376531932367
RSI Darus Syifa,6,-7.308967636429148,112.71168660144255
RSI Darus Syifa,7,-7.30888638996949,112.7112516385413
RSI Darus Syifa,8,-7.3074350784565505,112.70757654454799
RSI Darus Syifa,9,-7.308074508845883,112.70610502234962
RSI Darus Syifa,10,-7.306184016316744,112.70061834660359
RSI Darus Syifa,11,-7.304404721956728,112.69913280990477
RSI Darus Syifa,12,-7.302269333670001,112.69860824364459
RSI Darus Syifa,13,-7.293934328861173,112.69802119387442
RSI Darus Syifa,14,-7.290006949707702,112.69956230524096
RSI Darus Syifa,15,-7.284724457840447,112.7064854669149
RSI Darus Syifa,16,-7.280653195605427,112.70825411066066
RSI Darus Syifa,17,-7.261096295362021,112.70941856561605
RSI Darus Syifa,18,-7.2604515279328,112.70801027679741
RSI Darus Syifa,19,-7.2658230683381895,112.70708345989482
RSI Darus Syifa,20,-7.266633150890106,112.70580850022223
RSI Darus Syifa,21,-7.26733736373832,112.70258380216426
RSI Darus Syifa,22,-7.266413329817817,112.70108743051082
RSI Darus Syifa,23,-7.266383839350929,112.7010279720128
RSI Darus Syifa,24,-7.266324858396277,112.70054239444264
RSI Darus Syifa,25,-7.264642102517486,112.69710824811793
RSI Darus Syifa,26,-7.262869050627448,112.69546961871579
RSI Darus Syifa,27,-7.261826395451709,112.69370379207776
RSI Darus Syifa,28,-7.260978367407989,112.69296102368796
RSI Darus Syifa,29,-7.26018594634028,112.68956951535093
RSI Darus Syifa,30,-7.257794772577418,112.67179913283721
RSI Darus Syifa,31,-7.249646866002008,112.6434708426378
RSI Darus Syifa,32,-7.234571134840039,112.61394771702406
RSI Darus Syifa,RS Darus Syifa,-7.2348038111556185,112.61269231809507
Rumah Sakit Bunda,Klinik Unesa,-7.3112852394190355,112.72943040972358
Rumah Sakit Bunda,1,-7.310075639005821,112.72986853000302
Rumah Sakit Bunda,2,-7.309683649053946,112.7307225793211
Rumah Sakit Bunda,3,-7.309998940536553,112.73257771854578
Rumah Sakit Bunda,4,-7.3080305411274615,112.73296426729907
Rumah Sakit Bunda,5,-7.30819150198407,112.73396614117722
Rumah Sakit Bunda,6,-7.30699579014925,112.73496658860684
Rumah Sakit Bunda,7,-7.305395480696669,112.73617313911345
Rumah Sakit Bunda,8,-7.298378887634064,112.73774271428401
Rumah Sakit Bunda,9,-7.297103418432883,112.73910239436776
Rumah Sakit Bunda,10,-7.295937043590387,112.73893549286127
Rumah Sakit Bunda,11,-7.284482612066253,112.73326823855044
Rumah Sakit Bunda,12,-7.280788565314566,112.73140819771987
Rumah Sakit Bunda,13,-7.274966798011002,112.72659812706063
Rumah Sakit Bunda,14,-7.2747490467916895,112.72606428807855
Rumah Sakit Bunda,15,-7.273837806380136,112.72503720403537
Rumah Sakit Bunda,16,-7.272046960430397,112.7236911497702
Rumah Sakit Bunda,17,-7.2705661848832825,112.72186026078475
Rumah Sakit Bunda,18,-7.270294076027061,112.71993368074753
Rumah Sakit Bunda,19,-7.2682269827166675,112.7136593735663
Rumah Sakit Bunda,20,-7.266932599352387,112.70801506760543
Rumah Sakit Bunda,21,-7.266119845113534,112.70702883136711
Rumah Sakit Bunda,22,-7.267306461777536,112.7024953536514
Rumah Sakit Bunda,23,-7.2664184531810685,112.70091737567007
Rumah Sakit Bunda,24,-7.264561210726799,112.6970355281194
Rumah Sakit Bunda,25,-7.2618516099441415,112.69363955334337
Rumah Sakit Bunda,26,-7.261001409104566,112.69292682799208
Rumah Sakit Bunda,27,-7.260105416515036,112.68934983157187
Rumah Sakit Bunda,28,-7.257809649410535,112.67176525979055
Rumah Sakit Bunda,29,-7.251972850309799,112.65047509946783
Rumah Sakit Bunda,Rumah Sakit Bunda,-7.251727431164775,112.65046287604127
RS Bhakti Dharma Husada,Klinik Unesa,-7.3112852394190355,112.72943040972358
RS Bhakti Dharma Husada,1,-7.310074145443754,112.7298720296243
RS Bhakti Dharma Husada,2,-7.307608964349635,112.72403254191602
RS Bhakti Dharma Husada,3,-7.308758141122321,112.72210647822573
RS Bhakti Dharma Husada,4,-7.309056107619053,112.71970321898941
RS Bhakti Dharma Husada,5,-7.307225738857061,112.71955301528713
RS Bhakti Dharma Husada,6,-7.30749521919908,112.71609470968575
RS Bhakti Dharma Husada,7,-7.307351556303898,112.71347687373189
RS Bhakti Dharma Husada,8,-7.309117283535048,112.71149203297983
RS Bhakti Dharma Husada,9,-7.312821660468362,112.70959703665622
RS Bhakti Dharma Husada,10,-7.313730421153066,112.69295675500412
RS Bhakti Dharma Husada,11,-7.311497829225254,112.68775121165122
RS Bhakti Dharma Husada,12,-7.308890480737676,112.67402264305439
RS Bhakti Dharma Husada,13,-7.303917570634469,112.67434289627262
RS Bhakti Dharma Husada,14,-7.3012339287006895,112.67569016849605
RS Bhakti Dharma Husada,15,-7.300478124614919,112.67559630117074
RS Bhakti Dharma Husada,16,-7.298882436701148,112.67562689440304
RS Bhakti Dharma Husada,17,-7.298495369033317,112.66837587481196
RS Bhakti Dharma Husada,18,-7.300381073290231,112.66553168819594
RS Bhakti Dharma Husada,19,-7.299962995040292,112.66181049038961
RS Bhakti Dharma Husada,20,-7.29912333867766,112.6614533414644
RS Bhakti Dharma Husada,21,-7.296866600009457,112.65743792869917
RS Bhakti Dharma Husada,22,-7.296630097410529,112.65173255525264
RS Bhakti Dharma Husada,23,-7.295399632535234,112.65138755623899
RS Bhakti Dharma Husada,24,-7.295043045775646,112.64911411825847
RS Bhakti Dharma Husada,25,-7.274684490835846,112.64506411867826
RS Bhakti Dharma Husada,26,-7.274975608453503,112.64338882773046
RS Bhakti Dharma Husada,27,-7.274804840848616,112.63992044237055
RS Bhakti Dharma Husada,28,-7.274106702031196,112.63993563237932
RS Bhakti Dharma Husada,29,-7.273584352830449,112.63854827820496
RS Bhakti Dharma Husada,30,-7.269417785448771,112.63920633086286
RS Bhakti Dharma Husada,31,-7.266796795330911,112.6405976366152
RS Bhakti Dharma Husada,32,-7.26532146398357,112.63804458186236
RS Bhakti Dharma Husada,33,-7.264509133732679,112.63809275270474
RS Bhakti Dharma Husada,34,-7.263708748079576,112.63746653172764
RS Bhakti Dharma Husada,35,-7.26283071143978,112.63738223275057
RS Bhakti Dharma Husada,36,-7.262311056299873,112.63749663850517
RS Bhakti Dharma Husada,37,-7.2615226128437484,112.63430532005374
RS Bhakti Dharma Husada,38,-7.2609491985730905,112.63408855125553
RS Bhakti Dharma Husada,39,-7.260572951059922,112.63456354223968
RS Bhakti Dharma Husada,RS Bhakti Dharma Husada,-7.255249370318876,112.63494289843585
RS Mitra Keluarga Darmo,Klinik Unesa,-7.3112852394190355,112.72943040972358
RS Mitra Keluarga Darmo,1,-7.310060358722841,112.72986250241208
RS Mitra Keluarga Darmo,2,-7.307608726854946,112.72402568158296
RS Mitra Keluarga Darmo,3,-7.30876150312453,112.72208756265871
RS Mitra Keluarga Darmo,4,-7.309037281184761,112.71969856744882
RS Mitra Keluarga Darmo,5,-7.307213770514296,112.7148932434619
RS Mitra Keluarga Darmo,6,-7.306826802910874,112.71503766048501
RS Mitra Keluarga Darmo,7,-7.3058734681529245,112.71383222262475
RS Mitra Keluarga Darmo,8,-7.305784898154445,112.70801072941825
RS Mitra Keluarga Darmo,9,-7.3045136200612335,112.7080436399294
RS Mitra Keluarga Darmo,10,-7.301698076141181,112.70708370863157
RS Mitra Keluarga Darmo,11,-7.301332074219214,112.70731082887015
RS Mitra Keluarga Darmo,12,-7.28838538341577,112.70706931529325
RS Mitra Keluarga Darmo,13,-7.288071341435355,112.7069875860777
RS Mitra Keluarga Darmo,14,-7.28585014145491,112.70504452186495
RS Mitra Keluarga Darmo,15,-7.2836377372973935,112.70686297876375
RS Mitra Keluarga Darmo,16,-7.275795705729787,112.70814146755302
RS Mitra Keluarga Darmo,17,-7.274910639038108,112.70397176549805
RS Mitra Keluarga Darmo,18,-7.2745233300853585,112.6998461315421
RS Mitra Keluarga Darmo,19,-7.2738821093551795,112.69855328467008
RS Mitra Keluarga Darmo,20,-7.271828120242455,112.69859295506933
RS Mitra Keluarga Darmo,21,-7.269191588219938,112.6962312280532
RS Mitra Keluarga Darmo,22,-7.268904237817997,112.69344709514124
RS Mitra Keluarga Darmo,23,-7.268826441781304,112.69343011543138
RS Mitra Keluarga Darmo,24,-7.264752648988854,112.69377184094645
RS Mitra Keluarga Darmo,25,-7.264530333220179,112.69196489767486
RS Mitra Keluarga Darmo,26,-7.266257237604561,112.69183282560071
RS Mitra Keluarga Darmo,RS Mitra Keluarga Darmo,-7.266218807101589,112.69137567434895
RS Muji Rahayu,Klinik Unesa,-7.3112852394190355,112.72943040972358
RS Muji Rahayu,1,-7.310075639005821,112.72986853000302
RS Muji Rahayu,2,-7.309683649053946,112.7307225793211
RS Muji Rahayu,3,-7.309998940536553,112.73257771854578
RS Muji Rahayu,4,-7.3080305411274615,112.73296426729907
RS Muji Rahayu,5,-7.30819150198407,112.73396614117722
RS Muji Rahayu,6,-7.30699579014925,112.73496658860684
RS Muji Rahayu,7,-7.305395480696669,112.73617313911345
RS Muji Rahayu,8,-7.298378887634064,112.73774271428401
RS Muji Rahayu,9,-7.297103418432883,112.73910239436776
RS Muji Rahayu,10,-7.295937043590387,112.73893549286127
RS Muji Rahayu,11,-7.284482612066253,112.73326823855044
RS Muji Rahayu,12,-7.280788565314566,112.73140819771987
RS Muji Rahayu,13,-7.274966798011002,112.72659812706063
RS Muji Rahayu,14,-7.2747490467916895,112.72606428807855
RS Muji Rahayu,15,-7.273837806380136,112.72503720403537
RS Muji Rahayu,16,-7.272046960430397,112.7236911497702
RS Muji Rahayu,17,-7.2705661848832825,112.72186026078475
RS Muji Rahayu,18,-7.270294076027061,112.71993368074753
RS Muji Rahayu,19,-7.2682269827166675,112.7136593735663
RS Muji Rahayu,20,-7.266932599352387,112.70801506760543
RS Muji Rahayu,21,-7.266119845113534,112.70702883136711
RS Muji Rahayu,22,-7.267306461777536,112.7024953536514
RS Muji Rahayu,23,-7.2664184531810685,112.70091737567007
RS Muji Rahayu,24,-7.264561210726799,112.6970355281194
RS Muji Rahayu,25,-7.2618516099441415,112.69363955334337
RS Muji Rahayu,26,-7.261001409104566,112.69292682799208
RS Muji Rahayu,27,-7.260105416515036,112.68934983157187
RS Muji Rahayu,28,-7.257809649410535,112.67176525979055
RS Muji Rahayu,RS Muji Rahayu,-7.257173833882126,112.67096477053062